id,AUS,AUT,BEL,CAN,CHL,CZE,EST,FIN,FRA,DEU,HUN,ISL,IRL,ISR,ITA,JPN,KOR,LUX,MEX,NLD,NZL,NOR,POL,PRT,SVK,SVN,ESP,SWE,CHE,GBR,USA,RUS
AFG,3.644,3.756,0.231,2.155,0.005,0.025,0,0.593,0.67,8.581,0.025,0.004,0,0,1.109,0.894,0.107,0.011,0.004,0.231,0.197,1.219,0.051,0,0.001,0,0.047,4.673,0.267,1,1.617,1
ALB,0.153,0.25,0.256,0.555,0,0.05,0,0.038,0.43,2.234,0.03,0,0,0,14.118,0.056,0.02,0.123,0.009,0.12,0.003,0.062,0.083,0,0,0.013,0.27,0.226,0.115,0,3.364,0
DZA,0.024,0.249,0.735,3.245,0.002,0.038,0,0.046,25.132,1.566,0.023,0.004,0,0,0.944,0.097,0.036,0.032,0.014,0.053,0.008,0.059,0.178,0,0.004,0,5.677,0.136,0.266,0,1.369,0
AND,0,0,0.005,0,0,0,0,0,0.019,0.009,0,0,0,0,0.004,0.001,0,0.001,0,0,0,0.001,0,0,0,0,0.154,0,0.007,0,0,0
AGO,0.001,0.008,0.076,0.055,0.004,0.007,0,0.028,0.781,0.408,0.013,0.001,0,0,0.091,0.14,0.046,0.007,0.001,0.018,0,0.027,0.094,1.293,0,0,0.197,0.017,0.207,0,0.187,0
ATG,0.001,0,0,0.05,0,0,0,0,0.002,0.001,0.001,0.001,0,0,0.004,0.007,0.003,0,0,0,0,0,0,0,0,0,0.005,0,0.002,0,0.337,0
ARG,0.173,0.092,0.098,0.285,4.907,0.022,0,0.02,0.42,1.022,0.032,0.004,0,0.222,0.742,0.317,0.09,0.015,0.937,0.142,0.119,0.046,0.05,0,0,0,4.429,0.063,0.222,1,4.359,0
ARM,0.036,0.318,0.132,0.25,0.001,0.096,0,0.004,1.61,1.496,0.015,0,0,0,0.119,0.146,0.028,0.009,0.009,0.122,0.001,0,1.624,0,0.001,0.004,0.675,0.246,0.074,1,2.681,37
AUS,0,0.239,0.193,1.24,0.239,0.052,0,0.055,0.566,2.382,0.058,0.025,0,0.096,0.202,2.937,1.776,0.013,0.034,0.758,0,0.217,0.092,0,0.003,0.012,0.363,0.294,0.44,16,2.414,0
AUT,0.159,0,0.28,0.11,0.05,0.188,0,0.039,0,10.089,0.455,0.01,0,0.018,0.331,1.175,0.103,0.065,0.028,0.458,0.038,0.149,0.139,0,0.063,0.105,0.657,0.218,3.054,1,0.407,0
AZE,0.025,0.174,0.029,0.26,0,0.155,0,0.017,0.364,1.36,0.035,0,0,0,0.035,0.086,0.041,0.017,0.001,0.059,0.002,0.071,0.114,0,0,0.004,0.082,0.247,0.088,0,0.663,22
BHS,0.001,0.001,0.001,0.075,0,0,0,0,0,0.001,0,0,0,0,0.006,0.004,0.001,0,0,0.002,0,0.001,0,0,0,0,0.003,0.004,0.002,0,0.619,0
BHR,0.06,0,0,0.19,0,0,0,0.001,0.002,0.103,0.001,0,0,0,0.004,0.124,0.004,0,0,0.006,0.013,0,0,0,0,0,0.005,0.003,0.013,0,0.104,0
BGD,2.519,0.257,0.113,2.45,0.004,0,0,0.154,0.83,1.502,0.006,0.002,0,0,10.144,1.192,1.85,0.004,0.005,0.113,0.074,0.11,0.116,0.299,0.001,0.005,2.613,0.43,0.139,2,14.705,0
BRB,0,0.002,0,0.155,0,0,0,0,0.005,0.011,0,0,0,0,0,0.01,0.001,0,0.001,0.006,0.008,0,0,0,0,0,0.003,0.001,0.004,0,0.46,0
BLR,0.037,0.176,0.104,0.265,0.019,0.373,0,0.043,0.25,1.647,0.034,0.001,0,0,0.813,0.206,0.063,0.027,0.003,0.117,0.007,0.097,2.618,0,0.004,0.02,0.305,0.239,0.149,0,1.659,17
BEL,0.182,0.306,0,0.74,0.099,0.043,0,0.041,0,2.622,0.132,0.01,0,0.14,0.343,0.496,0.08,1.304,0.055,2.568,0.05,0.123,0.132,0,0.028,0.045,2.313,0.187,1.163,3,0.574,0
BLZ,0.002,0,0,0.05,0.006,0,0,0,0.001,0.005,0,0,0,0,0.003,0.017,0.006,0,0.066,0.001,0,0.001,0,0,0,0,0.004,0.001,0.002,0,0.847,0
BEN,0.008,0.011,0.128,0.305,0,0,0,0.003,0.81,0.301,0.001,0,0,0,0.181,0.077,0.007,0.007,0,0.016,0,0.002,0.005,0,0,0,0.036,0.007,0.029,0,0.415,0
BMU,0,0,0,0.05,0,0,0,0,0,0,0,0,0,0,0,0,0,0,0.001,0,0,0,0,0,0,0,0,0,0,0,0.085,0
BTN,0.863,0.009,0,0.975,0,0,0,0,0.041,0.016,0,0,0,0,0.003,0.216,0.017,0.001,0,0.016,0.139,0.168,0.002,0,0,0,0.002,0.001,0.003,0,10.198,0
BOL,0.027,0.015,0.067,0.09,13.563,0,0,0.006,0.132,0.312,0,0,0,0,1.027,0.251,0.034,0.001,0.122,0.039,0.006,0.018,0.012,0,0,0,6.025,0.205,0.179,0,1.948,0
BIH,0.118,4.133,0.102,0.125,0.006,0.222,0,0.055,0.319,12.235,0.071,0.004,0,0,0.731,0.046,0.002,0.239,0.001,0.135,0.001,0.159,0.034,0,0.003,4.386,0.107,0.745,0.66,0,0.815,0
BWA,0.068,0,0,0.145,0,0.027,0,0.002,0.003,0.025,0.002,0,0,0,0.004,0.066,0.001,0,0,0.005,0.001,0.006,0,0,0,0,0.003,0.001,0.003,1,0.08,0
BRA,1.086,0.424,1.297,1.615,1.73,0.054,0,0.082,2.927,7.091,0.137,0.006,0,0.163,5.716,5.79,0.494,0.16,0.32,1.138,0.394,0.47,0.175,11.715,0.006,0.012,7.762,0.353,1.942,1,11.441,0
BRN,0.032,0,0,0.025,0,0,0,0,0.002,0.019,0,0,0,0,0.003,0.032,0.061,0,0,0.007,0.003,0,0,0,0,0,0,0,0.001,0,0.019,0
BGR,0.079,3.631,4.478,0.425,0.013,0.733,0,0.269,0,60.209,0.08,0.017,0,0.017,4.794,0.352,0.044,0.127,0.008,5.03,0.032,1.027,0.394,0.695,0.177,2.423,7.962,0.764,1.025,3,2.44,0
BFA,0.002,0.013,0.106,0.245,0,0,0,0,0.491,0.239,0.001,0,0,0,1.015,0.111,0.019,0.004,0,0.011,0,0.002,0.004,0,0,0,0.113,0.012,0.051,0,0.558,0
BDI,0.111,0.006,0.132,0.615,0,0,0,0,0.079,0.027,0,0,0,0,0.06,0.059,0.008,0.002,0.001,0.013,0.008,0.043,0.003,0,0,0,0.01,0.098,0.011,0,0.535,0
KHM,0.78,0.015,0,0.23,0.001,0,0,0.006,0.483,0.1,0,0,0,0,0.024,1.099,9.523,0.002,0.001,0.014,0.226,0.015,0.011,0,0,0.001,0.009,0.019,0.026,0,2.473,0
CMR,0.014,0.082,1.305,2.04,0.006,0,0,0.066,4.104,2.01,0.06,0.003,0,0,1.262,0.146,0.213,0.046,0.006,0.099,0.004,0.046,0.13,0,0,0.001,0.602,0.091,0.256,0,3.815,0
CAN,2.011,0.393,0.614,0,0.382,0.107,0,0.062,1.213,3.269,0.173,0.053,0,0.236,0.252,2.203,6.012,0.058,0.881,0.912,0.388,0.3,0.214,0.064,0.003,0.015,0.675,0.338,0.903,7,12.932,0
CPV,0,0,0,0.01,0.001,0,0,0.002,0.815,0.03,0.001,0.001,0,0,0.221,0.016,0,0.161,0,0.063,0,0.007,0,3.431,0,0,0.159,0.011,0.045,0,1.684,0
CAF,0.001,0,0,0.02,0,0,0,0,0.442,0.012,0,0,0,0,0.015,0.015,0.008,0,0,0,0,0.005,0,0,0,0,0.018,0.002,0.001,0,0.116,0
TCD,0.007,0.004,0,0.09,0,0,0,0.001,0.218,0.082,0,0,0,0,0.266,0.028,0.002,0,0,0.001,0,0.001,0.003,0,0,0,0.013,0.006,0.002,0,0.155,0
CHL,0.234,0.084,0.139,0.295,0,0.015,0,0.018,0.308,0.945,0.008,0.002,0,0.042,0.247,0.124,0.042,0.004,0.297,0.147,0.17,0.116,0.029,0,0.002,0.001,2.427,0.311,0.175,1,1.673,0
CHN,25.572,1.521,1.406,33.02,1.91,0.4,0,0.748,7.241,19.74,1.137,0.049,0,0,20.463,106.957,127.289,0.187,0.877,5.184,4.825,0.994,2.911,1.362,0.071,0.119,14.208,2.453,2.362,41,81.784,9
COL,0.943,0.148,0.304,3.68,17.836,0.027,0,0.05,1.169,2.561,0.017,0.011,0,0.044,1.525,0.388,0.121,0.021,1.497,0.411,0.16,0.144,0.077,0,0.001,0.002,12.394,0.304,0.462,0,20.931,0
COM,0,0,0,0.01,0.001,0,0,0,3.27,0.002,0,0,0,0,0.004,0.027,0.001,0.001,0,0,0,0,0.001,0,0,0,0.002,0,0.002,0,0.01,0
COG,0.209,0.035,0,0.09,0.003,0,0,0.003,2.445,0.31,0.003,0,0,0,0.335,0.03,0.001,0.003,0.009,0.047,0.001,0.062,0.051,0,0,0,0.129,0.05,0.02,0,1.461,0
COK,0,0,0,0,0,0,0,0,0,0,0,0,0,0,0,0,0,0,0,0,0,0,0,0,0,0,0.003,0,0,0,0,0
CRI,0.014,0.014,0,0.195,0.128,0,0,0.006,0.043,0.242,0.005,0,0,0,0.066,0.059,0.013,0.002,0.132,0.062,0.007,0.01,0.015,0,0,0,0.391,0.026,0.062,0,2.02,0
CIV,0.016,0.024,0.243,0.95,0.002,0,0,0.004,3.565,0.329,0.001,0,0,0,2.715,0.103,0.023,0.015,0.004,0.029,0,0.024,0.007,0,0,0,0.308,0.055,0.147,0,1.76,0
HRV,0.11,2.008,0.204,0.085,0.022,0.134,0,0.018,0.162,12.887,0.175,0.004,0,0,0.437,0.074,0.041,0.077,0.006,0.188,0.014,0.158,0.095,0,0.01,2.246,0.184,0.179,0.484,0,0.336,0
CUB,0.056,0.054,0.078,1.285,0.419,0,0,0.03,0.205,0.72,0.021,0.005,0,0.064,1.847,0.119,0.005,0.009,1.913,0.047,0,0.045,0.059,0,0.007,0.001,6.083,0.097,0.134,0,32.82,0
CYP,0.014,0.022,0.055,0.05,0,0,0,0.003,0,0.38,0.027,0,0,0,0.015,0.003,0.006,0.011,0.002,0.104,0.001,0.007,0.008,0,0.002,0.007,0.035,0.024,0.067,0,0.107,0
CZE,0.194,1.755,0.492,0.165,0.03,0,0,0.062,0,9.221,0.063,0.025,0,0,0.389,0.4,0.076,0.081,0.04,0.616,0.082,0.253,0.185,0,0.462,0.212,0.692,0.2,0.779,2,0.677,0
PRK,0,0.014,0,0.06,0.006,0,0,0,0.016,0.229,0,0,0,0,0,0.002,0,0.001,0.001,0,0,0.001,0.187,0,0,0,0.007,0,0.004,0,0.049,4
COD,0.428,0.036,1.037,1.25,0.018,0,0,0.308,4.019,0.19,0.002,0,0,0,0.323,0.138,0.03,0.012,0.01,0.026,0.008,0.03,0.013,0,0,0,0.072,0.197,0.208,0,3.731,0
DNK,0.142,0.162,0.257,0.14,0.049,0.019,0,0.046,0,2.322,0.036,0.081,0,0,0.153,0.317,0.157,0.122,0.015,0.481,0.028,1.779,0.09,0,0.006,0.013,0.84,2.633,0.493,1,0.459,0
DJI,0.013,0,0,0.18,0,0,0,0.001,0.124,0.012,0,0.001,0,0,0,0.039,0,0,0,0,0.002,0.006,0,0,0,0,0.001,0.028,0.004,0,0.106,0
DMA,0,0.004,0,0.045,0,0,0,0,0.122,0.056,0,0,0,0,0.153,0.006,0.002,0,0.005,0.001,0,0,0,0,0,0,0.081,0,0.004,0,0.125,0
DOM,0.008,0.106,0.116,0.64,4.39,0,0,0.011,0.445,0.613,0.001,0.002,0,0,2.565,0.07,0.018,0.011,0.177,0.105,0,0.039,0.016,0,0,0.008,11.296,0.04,0.394,0,41.566,0
ECU,0.04,0.054,0.298,0.35,3.598,0.006,0,0.014,0.219,0.815,0.007,0.001,0,0,3.037,0.153,0.061,0.001,0.199,0.126,0.023,0.025,0.019,0,0,0,7.594,0.082,0.281,0,9.342,0
EGY,1.152,0.623,0.232,4.825,0.015,0.083,0,0.086,1.287,2.916,0.127,0.005,0,0,8.623,0.831,0.419,0.017,0.031,0.41,0.085,0.105,0.5,0,0.01,0.009,0.523,0.648,0.25,1,8.988,0
SLV,0.038,0.01,0,0.61,0.178,0,0,0.004,0.06,0.138,0.004,0.002,0,0,1.036,0.102,0.011,0.004,0.399,0.011,0.001,0.015,0.008,0,0,0,0.928,0.08,0.027,0,16.256,0
GNQ,0.001,0.001,0,0,0,0,0,0,0.018,0.008,0,0,0,0,0.01,0.019,0.004,0,0,0,0,0.001,0.003,0,0,0,1.299,0,0.003,0,0.02,0
ERI,0.441,0.014,0,0.98,0,0,0,0.015,0.278,0.833,0.004,0.003,0,0,0.613,0.013,0.003,0.01,0.001,0.041,0.028,2.366,0,0,0,0,0.032,2.213,1.129,0,2.643,0
EST,0.061,0.098,0.131,0.03,0.001,0.013,0,6.041,0,1.29,0.015,0.008,0,0,0.093,0.086,0.014,0.059,0.003,0.297,0.007,0.908,0.015,0,0.004,0.014,0.311,0.542,0.134,1,0.227,2
ETH,0.801,0.078,0.159,1.74,0,0.016,0,0.111,0.12,1.124,0.034,0.008,0,2.432,0.837,0.246,0.17,0.007,0,0.248,0.094,0.54,0.02,0,0,0.003,0.189,0.662,0.237,0,14.544,0
FJI,1.514,0.005,0,0.27,0,0,0,0,0.02,0.023,0,0,0,0,0,0.154,0.028,0,0,0.008,2.258,0.002,0,0,0,0,0.001,0,0.005,0,0.853,0
FIN,0.166,0.328,0.335,0.085,0.039,0.024,0,0,0,2.19,0.062,0.023,0,0,0.111,0.427,0.158,0.061,0.011,0.665,0.036,0.474,0.081,0,0.01,0.038,0.986,2.329,0.377,2,0.348,0
CSK,0.001,0,0,0,0,0,0,0,0,0,0,0,0,0.014,0,0,0,0,0,0,0.001,0,0,0,0,0,0,0,0,0,0.159,0
SUN,0.002,0,0,0,0,0,0,0,0,0,0,0,0,7.234,0,0,0,0,0,0.002,0,0,0,0,0,0,0,0,0,0,1.296,0
YUCS,0,0,0,0,0,0,0,0,0,0,0,0,0,0.012,0,0,0,0,0,0.009,0.002,0,0,0,0,0,0,0,0,0,0,0
FRA,1.393,1.144,13.333,8.14,0.801,0.215,0,0.19,0,14.458,0.315,0.044,0,1.653,1.896,3.955,1.367,3.523,0.414,2.98,0.258,0.731,0.591,0.537,0.051,0.126,8.057,0.737,11.382,14,3.862,0
GAB,0,0.006,0,0,0,0,0,0,0.915,0.032,0,0.001,0,0,0.041,0.066,0.016,0.001,0,0.001,0,0.006,0,0,0,0,0.027,0.002,0.017,0,0.197,0
GMB,0.001,0.103,0,0.015,0,0,0,0.048,0.122,0.592,0.001,0.003,0,0,0.273,0.02,0.005,0.013,0,0.024,0,0.046,0.025,0,0,0,1.54,0.26,0.042,0,1.159,0
GEO,0.011,0.405,0.09,0.12,0.002,0.079,0,0.012,0.671,3.466,0.037,0,0,0,1.706,0.127,0.009,0.008,0,0.078,0,0.045,0.254,0,0.002,0.002,1.001,0.118,0.056,0,1.341,8
DEU,1.942,17.774,2.892,1.89,0.515,1.319,0,0.303,0,0,2.073,0.109,0,0.1,1.877,4.141,1.241,1.006,0.285,8.73,0.537,1.765,2.281,0.649,0.129,0.254,8.807,2.15,27.123,8,5.812,4
GHA,0.252,0.099,0.49,0.52,0.007,0.03,0,0.16,0.223,2.356,0.01,0.011,0,0,4.007,0.362,0.122,0.004,0.004,0.427,0.012,0.136,0.045,0,0.002,0.001,1.533,0.227,0.084,1,10.592,0
GRC,0.296,1.201,1.511,0.21,0.02,0.081,0,0.117,0,32.66,0.064,0.004,0,0.01,0.561,0.073,0.137,0.276,0.021,3.319,0.026,0.396,0.106,0,0.015,0.032,0.538,1.348,1.613,6,1.054,1
GRD,0.003,0.002,0,0.14,0,0,0,0,0.003,0.013,0,0,0,0,0,0.005,0.004,0,0.003,0.002,0,0.001,0,0,0,0,0.002,0.003,0.001,0,0.671,0
GUM,0,0,0,0,0,0,0,0,0,0,0,0,0,0,0,0,0,0,0,0,0,0,0,0,0,0,0,0,0,0,0,0
GTM,0.014,0.033,0,0.345,0.179,0,0,0.001,0.035,0.163,0.001,0.003,0,0,0.083,0.09,0.03,0.001,0.527,0.037,0.005,0.016,0.009,0,0,0,0.663,0.022,0.04,0,10.341,0
GIN,0.038,0.055,0.388,0.26,0.002,0,0,0.009,2.094,0.742,0,0.002,0,0,0.533,0.043,0.021,0.016,0.004,0.029,0.001,0.014,0.02,0,0,0,0.905,0.052,0.054,0,1.656,0
GNB,0,0.011,0,0.01,0,0,0,0,0.181,0.148,0,0,0,0,0.115,0.004,0.001,0.033,0,0.001,0.001,0.002,0.001,1.62,0,0,0.458,0.006,0.011,0,0.047,0
GUY,0.006,0,0,0.64,0,0,0,0,0.183,0.005,0.001,0,0,0,0.004,0.017,0.001,0,0.003,0.015,0.002,0.005,0.001,0,0,0,0.006,0,0.002,0,5.683,0
HTI,0,0.007,0,5.6,1.792,0,0,0,3.333,0.116,0.001,0.007,0,0,0.034,0.069,0.008,0.002,0.065,0.002,0.001,0.002,0.013,0,0.001,0,0.07,0.003,0.036,0,22.818,0
HND,0.002,0.006,0,0.43,0.145,0,0,0.007,0.033,0.135,0.002,0.002,0,0,0.196,0.056,0.018,0.001,0.462,0.014,0.001,0.012,0.007,0,0,0,6.016,0.013,0.024,0,6.884,0
HKG,0.86,0,0,1.095,0.019,0,0,0,0,0,0,0,0,0,0,0.884,0.481,0,0.002,0,0.202,0,0.008,0,0,0,0,0,0,0,2.104,0
HUN,0.336,13.066,1.178,0.3,0.014,0.123,0,0.251,0,54.491,0,0.027,0,0.11,0.853,0.48,0.056,0.155,0.021,3.084,0.101,0.496,0.171,0,0.706,0.222,1.087,0.857,2.492,5,1.054,0
ISL,0.014,0.034,0,0.04,0.002,0,0,0.01,0,0.221,0.018,0,0,0,0.011,0.068,0.007,0.031,0,0.093,0.007,1.45,0.006,0,0.004,0.001,0.114,0.715,0.077,0,0.103,0
IND,27.865,1.251,2.215,28.945,0.248,0.288,0,0.572,2.506,18.063,0.26,0.017,0,0.027,11.158,5.632,2.582,0.143,0.072,3.956,5.337,1.513,1.151,0.927,0.002,0.035,4.037,2.027,2.584,36,66.434,1
IDN,2.518,0.119,0.192,0.375,0.029,0,0,0.041,0.234,2.242,0.024,0.006,0,0,0.265,9.282,8.263,0.001,0.006,1.168,0.158,0.152,0.058,0,0.003,0.004,0.131,0.103,0.226,2,2.603,0
IRN,4.635,2.409,0.309,6.465,0.011,0.035,0,0.333,0.644,8.215,0.351,0.013,0,0.037,1.378,0.384,0.211,0.048,0.015,0.624,0.154,0.755,0.132,0,0.004,0.014,0.655,2.111,0.467,1,12.916,0
IRQ,2.459,0.461,0.498,2.125,0.002,0.033,0,0.584,0.281,6.654,0.024,0.005,0,0,0.297,0.369,0.065,0.026,0.002,0.679,0.291,0.387,0.207,0,0.001,0.001,0.154,3.579,0.387,3,20.369,0
IRL,5.034,0.176,0.426,0.895,0.031,0.025,0,0.045,0,1.868,0.057,0.008,0,0,0.177,0.374,0.336,0.108,0.016,0.647,0.485,0.156,0.1,0,0.01,0.013,1.473,0.319,0.475,4,1.514,0
ISR,0.345,0.182,0.124,2.185,0.053,0.07,0,0.024,0.178,1.847,0.306,0.005,0,0,0.206,0.208,0.039,0.022,0.07,0.235,0.068,0.036,0.145,0,0.001,0.007,0.271,0.073,0.213,1,4.153,1
ITA,0.937,3.095,5.237,0.615,0.431,0.249,0,0.218,0,36.896,0.352,0.044,0,0.137,0,1.803,0.219,1.137,0.47,3.619,0.118,0.597,0.67,0.743,0.164,0.501,13.217,0.866,13.624,10,2.673,0
JAM,0.013,0.006,0,2.145,0.001,0,0,0.006,0.052,0.084,0.001,0.001,0,0,0.011,0.16,0.008,0.002,0.002,0.039,0.007,0.007,0.011,0,0,0,0.019,0.029,0.031,1,20.705,0
JPN,1.629,0.365,0.993,1.305,0.103,0.417,0,0.11,1.772,6.629,0.332,0.023,0,0,0.574,0,5.831,0.085,0.129,1.102,0.492,0.139,0.498,0,0.001,0.025,0.859,0.325,0.785,5,6.061,0
JOR,0.351,0.07,0,0.89,0.017,0,0,0.005,0.068,1.242,0.023,0.001,0,0,0.103,0.173,0.182,0.002,0.008,0.04,0.036,0.026,0.041,0,0.001,0.002,0.141,0.291,0.052,0,4.099,0
KAZ,0.081,0.202,0,0.455,0.006,0.642,0,0.022,0.152,1.728,0.091,0,0,0,0.191,0.227,1.098,0.001,0.003,0.091,0.01,0.056,0.309,0,0,0.026,0.261,0.149,0.207,0,1.202,46
KEN,0.563,0.114,0.077,1.04,0.006,0,0,0.093,0.092,1.034,0.025,0.023,0,0,0.226,0.357,0.09,0.004,0.002,0.15,0.025,0.092,0.067,0,0.001,0,0.109,0.197,0.131,0,7.043,0
KIR,0.003,0,0,0,0,0,0,0,0,0.223,0,0,0,0,0.001,0.037,0.003,0,0,0,0.104,0,0,0,0,0,0,0,0.001,0,0.006,0
KOR,5.049,0.411,0.248,5.31,0.372,0.404,0,0.065,0.625,4.927,0.329,0.001,0,0,0,25.748,0,0.024,0.433,0.743,1.278,0.158,0.99,0,0.022,0.015,0.743,0.186,0.414,1,20.846,1
KWT,0.018,0.007,0,0.655,0,0,0,0,0.018,0.217,0.007,0,0,0,0.003,0.19,0.008,0,0,0.014,0.007,0.002,0.005,0,0.001,0,0.029,0.007,0.01,1,1.044,0
KGZ,0.019,0.112,0,0.29,0.003,0.068,0,0.01,0.057,0.613,0.016,0,0,0,0.172,0.206,0.772,0.001,0,0,0.005,0.015,0.028,0,0,0.006,0.022,0.127,0.013,0,0.648,35
LAO,0.142,0.005,0,0.025,0,0,0,0.004,0.127,0.058,0.001,0,0,0,0.013,0.847,0.231,0.002,0,0.007,0.012,0.009,0.003,0,0.001,0,0.002,0.012,0.005,0,0.949,0
LVA,0.07,0.36,0.351,0.195,0,0.045,0,0.178,0,9.212,0.023,0.064,0,0,0.272,0.132,0.016,0.059,0.003,1.181,0.008,1.655,0.083,0,0.016,0.026,0.583,0.698,0.319,4,0.436,1
LBN,1.501,0.061,0.156,1.18,0.019,0,0,0.016,1.292,2.135,0.013,0.001,0,0,0.286,0.044,0.007,0.009,0.02,0.045,0.009,0.021,0.07,0,0.001,0,0.196,0.38,0.193,0,2.879,0
LSO,0,0.002,0,0,0,0,0,0,0,0.004,0.001,0,0,0,0,0.025,0,0,0,0.009,0,0,0,0,0,0,0,0.005,0.004,0,0.017,0
LBR,0.174,0.029,0,0.045,0,0,0,0.002,0.026,0.1,0.008,0.001,0,0,0.12,0.086,0.029,0.002,0,0.01,0.001,0.015,0.003,0,0,0,0.025,0.029,0.009,0,4.109,0
LBY,0.023,0.065,0,0.425,0,0.022,0,0.006,0.176,1.92,0.047,0,0,0,0.283,0.057,0.179,0.009,0,0.02,0.002,0.023,0.052,0,0,0,0.081,0.124,0.03,3,0.315,0
LIE,0.002,0.019,0,0,0,0,0,0.001,0,0.033,0.001,0,0,0,0.006,0.007,0,0.001,0.001,0.001,0.001,0,0,0,0,0,0.007,0,0.107,0,0,0
LTU,0.079,0.292,0.439,0.06,0.01,0.056,0,0.175,0,10.226,0.024,0.139,0,0,0.438,0.146,0.052,0.061,0.004,1.196,0.014,6.6,0.213,0,0.011,0.065,1.081,1.356,0.258,9,0.924,1
LUX,0.002,0.096,0.249,0.03,0,0,0,0.001,0,2.003,0.008,0.002,0,0,0.017,0.038,0.002,0,0.002,0.056,0.001,0.002,0.001,0,0,0,0.046,0.009,0.169,0,0.019,0
MAC,0.021,0,0,0.05,0,0,0,0,0,0,0,0,0,0,0,0,0.017,0,0,0,0.006,0,0,0,0,0,0,0,0,0,0.12,0
MKD,0.213,1.3,0.282,0.125,0.002,0.126,0,0.015,0.211,11.331,0.039,0.003,0,0,0,0.048,0.008,0.082,0.002,0.112,0.015,0.076,0.04,0,0.01,0.77,0.078,0.346,1.328,0,0.906,0
MDG,0.002,0.015,0.095,0.155,0.002,0,0,0,2.231,0.211,0.001,0,0,0,0.117,0.037,0.003,0.002,0,0.005,0,0.022,0.007,0,0,0,0.022,0.004,0.064,0,0.079,0
MWI,0.026,0.007,0,0.045,0,0,0,0.005,0,0.032,0,0.001,0,0,0.002,0.2,0.015,0,0,0.013,0.004,0.015,0.004,0,0,0,0.011,0.008,0.004,0,0.192,0
MYS,5.38,0.048,0,0.44,0.007,0.098,0,0.025,0.195,0.652,0.01,0.003,0,0,0.066,2.504,0.715,0.004,0,0.249,0.621,0.105,0.157,0,0.002,0.002,0.063,0.056,0.261,6,2.605,0
MDV,0.028,0,0,0.005,0,0,0,0,0.002,0.003,0,0,0,0,0.003,0.077,0.002,0,0,0,0.008,0.003,0,0,0,0,0.001,0.003,0.01,0,0,0
MLI,0.004,0.029,0,0.15,0,0,0,0.002,4.426,0.301,0.004,0,0,0,1.472,0.035,0.007,0.001,0,0.006,0,0.004,0.006,0,0,0,1.638,0.01,0.013,0,0.734,0
MLT,0.057,0.011,0,0.015,0.002,0,0,0.003,0,0.094,0.007,0.001,0,0,0.031,0.004,0.006,0.018,0.001,0.036,0.001,0.004,0.002,0,0.001,0.003,0.03,0.014,0.026,0,0.062,0
MHL,0,0,0,0,0,0,0,0,0,0.001,0,0,0,0,0.001,0.056,0.011,0,0,0,0,0,0,0,0,0,0,0,0,0,0.05,0
MRT,0.001,0.008,0,0.045,0,0,0,0.001,1.097,0.082,0.001,0,0,0,0.09,0.028,0.006,0,0,0.001,0,0.002,0.003,0,0,0,0.756,0.003,0.005,0,0.41,0
MUS,0.886,0.007,0.096,0.73,0.001,0,0,0.003,0.931,0.109,0.016,0,0,0,0.29,0.049,0.007,0.008,0,0.012,0.01,0.005,0.017,0,0,0,0.015,0.012,0.084,1,0.077,0
MEX,0.336,0.237,0.32,4.03,1.048,0.067,0,0.069,0.793,3.485,0.143,0.011,0,0.061,0.462,0.789,0.247,0.019,0,0.471,0.057,0.131,0.165,0,0.002,0.001,4.676,0.163,0.556,1,146.406,0
FSM,0,0,0,0.005,0,0,0,0,0,0.001,0,0,0,0,0,0.069,0.001,0,0,0,0,0,0,0,0,0,0.004,0,0,0,0.013,0
MDA,0.045,0.149,0.19,1.4,0.005,0.388,0,0.011,0.451,0.897,0.064,0.001,0,0,8.813,0.057,0.038,0.01,0.003,0.075,0.002,0.042,0.404,0.473,0.001,0.034,0.7,0.054,0.066,0,2.021,24
MCO,0,0,0,0.01,0,0,0,0,0,0.003,0,0,0,0,0.001,0.004,0.002,0,0,0,0,0,0,0,0,0,0.001,0,0.004,0,0.005,0
MNG,0.063,0.343,0,0.06,0,0.345,0,0.002,0.153,0.485,0.072,0.004,0,0,0.017,1.514,5.676,0.003,0,0.028,0,0.012,0.292,0,0.004,0,0.061,0.481,0.073,0,0.691,0
MNE,0.014,0.118,0,0.025,0,0,0,0.002,0,0.988,0.019,0,0,0,0.06,0.017,0.003,0.257,0,0.029,0.001,0.021,0.019,0,0,0.086,0.02,0.121,0.074,0,0.265,0
MAR,0.056,0.194,5.748,3.63,0.017,0,0,0.081,20.175,5.024,0.017,0.007,0,0.045,19.59,0.182,0.09,0.078,0.015,1.432,0.008,0.121,0.217,0,0.002,0.001,34.98,0.475,0.505,0,3.656,1
MOZ,0.018,0.003,0,0.005,0.001,0,0,0.001,0.009,0.068,0.001,0.005,0,0,0.03,0.145,0.008,0,0.001,0.016,0.003,0.014,0,0.256,0,0.001,0.026,0.009,0.015,0,0.094,0
MMR,2.622,0.012,0,0.145,0,0.003,0,0.11,0.033,0.411,0.001,0,0,0,0.022,1.532,4.148,0,0,0.029,0.385,0.34,0.011,0,0,0,0.005,0.054,0.016,0,17.383,0
NAM,0.022,0.013,0,0.05,0,0,0,0.003,0.003,0.115,0.002,0.004,0,0,0.002,0.08,0,0,0,0.02,0.007,0.01,0.002,0,0,0,0.009,0.012,0.006,0,0.059,0
NRU,0.019,0,0,0,0,0,0,0,0,0.001,0,0,0,0,0,0.01,0.002,0,0,0,0.007,0,0,0,0,0,0.001,0,0,0,0,0
NPL,2.534,0.12,0.249,1.31,0.036,0.022,0,0.386,0.078,0.8,0.009,0.005,0,0,0.16,4.839,6.894,0.015,0.006,0.144,0.078,0.272,0.38,0.527,0,0.002,0.669,0.084,0.054,2,11.312,0
NLD,0.806,0.868,9.075,0.53,0.113,0.11,0,0.091,0,9.164,0.313,0.016,0,0.036,0.415,0.779,0.254,0.213,0.086,0,0.2,0.594,0.228,0.437,0.012,0.048,3.218,0.797,1.396,3,1.091,0
NZL,44.311,0.061,0,0.465,0.06,0.012,0,0.008,0.166,0.646,0.022,0.006,0,0,0.041,0.682,0.827,0.001,0.001,0.218,0,0.048,0.036,0,0,0.001,0.119,0.063,0.134,5,0.814,0
NIC,0.012,0.018,0,0.105,0.081,0,0,0.005,0.03,0.092,0.001,0.002,0,0,0.066,0.101,0.005,0.003,0.134,0.032,0.002,0.012,0.003,0,0.001,0,3.126,0.049,0.036,0,3.046,0
NER,0,0.006,0.097,0.06,0,0,0,0,0.183,0.126,0.001,0,0,0,0.387,0.046,0,0,0,0.002,0,0.004,0.001,0,0,0,0.024,0.003,0.006,0,0.048,0
NGA,0.407,0.782,0.324,3.095,0.002,0.037,0,0.2,0.834,2.748,0.302,0.006,0,0,6.739,0.466,0.437,0.025,0.092,0.397,0.035,0.194,0.505,0,0.005,0,2.842,0.451,0.198,9,13.575,0
NIU,0,0,0,0,0,0,0,0,0,0,0,0,0,0,0,0,0,0,0,0,0,0,0,0,0,0,0,0,0,0,0,0
NOR,0.146,0.092,0.164,0.085,0.059,0.019,0,0.055,0,0.855,0.128,0.045,0,0,0.108,0.242,0.168,0.032,0.013,0.36,0.014,0,0.201,0,0.054,0.007,1.378,2.034,0.157,3,0.276,0
OMN,0.002,0.096,0,0.21,0.001,0,0,0.001,0.011,0.087,0.002,0,0,0,0.001,0.114,0.01,0,0,0.054,0.002,0.002,0,0,0,0,0.007,0.008,0.007,1,0.074,0
PAK,4.294,1.036,0.603,9.93,0.076,0.04,0,0.269,1.08,6.513,0.049,0.005,0,0,8.754,1.345,2.06,0.012,0.039,0.463,0.252,0.781,0.223,0.415,0.001,0.001,12.002,0.931,0.218,19,14.74,0
PLW,0,0,0,0,0,0,0,0,0,0.003,0,0,0,0,0,0.022,0.008,0,0,0,0,0,0,0,0,0,0,0,0,0,0.01,0
PSE,0,0,0,0.315,0,0,0,0.003,0.091,0,0.019,0.004,0,0,0.087,0.055,0.01,0,0.003,0,0.015,0,0.068,0,0.003,0,0,0,0.023,0,0,0
PAN,0.002,0.005,0,0.045,0.176,0,0,0.002,0.021,0.064,0,0.001,0,0,0.024,0.115,0.012,0.003,0.044,0.013,0.002,0.004,0.001,0,0,0,0.33,0.011,0.039,0,1.281,0
PNG,0.591,0,0,0.01,0,0,0,0,0.001,0.006,0,0.002,0,0,0.003,0.143,0.003,0,0,0,0.022,0,0,0,0,0,0.002,0,0,0,0.021,0
PRY,0.003,0.011,0,0.065,0.943,0,0,0.003,0.046,0.205,0,0.002,0,0,0.183,0.255,0.027,0.002,0.036,0.007,0.002,0.007,0.009,0,0,0,6.001,0.009,0.048,0,0.467,0
PER,0.342,0.106,0.188,0.78,38.628,0.018,0,0.024,0.586,0.953,0.01,0.003,0,0.037,5.614,1.014,0.152,0.012,0.418,0.204,0.02,0.079,0.05,0,0.001,0.001,6.977,0.205,0.217,0,12.609,0
PHL,12.785,0.288,0.557,32.745,0.044,0.086,0,0.29,0.875,4.724,0.048,0.052,0,0,9.893,15.412,9.858,0.018,0.038,0.869,3.268,2.49,0.172,0,0.001,0.005,2.461,0.662,0.411,2,57.327,0
POL,0.59,7.105,8.617,0.7,0.058,0.576,0,0.538,0,177.758,0.215,0.886,0,0.015,4.618,0.83,0.143,0.4,0.043,18.332,0.074,11.477,0,0,0.115,0.442,3.331,4.433,3.34,30,6.3,0
PRT,0.279,0.693,4.227,0.525,0.143,0.03,0,0.083,0,11.82,0.068,0.042,0,0,0.446,0.129,0.05,5.193,0.042,2.47,0.032,0.582,0.182,0,0.016,0.122,6.201,0.307,18.577,7,0.811,0
PRI,0,0,0,0.005,0.001,0,0,0,0,0,0,0,0,0,0,0,0,0,0,0,0,0,0,0,0,0,0,0,0,0,0,0
QAT,0.001,0.001,0,0.52,0,0,0,0,0.013,0.189,0.009,0,0,0,0,0.15,0.016,0,0,0.004,0,0,0,0,0,0,0.002,0.001,0.001,0,0.141,0
ROU,0.3,13.362,11.165,1.475,0.045,0.661,0,0.302,0,120.524,4.243,0.061,0,0.051,81.666,0.294,0.131,0.409,0.049,2.535,0.089,2.02,0.368,3.01,0.275,0.269,34.638,1.737,2.258,6,3.748,0
RUS,1.177,3.438,0.793,1.96,0.169,3.201,0.46,3.05,4.073,18.812,0.527,0.021,0,0,3.97,3.829,2.723,0.13,0.112,1.234,0.308,1.08,1.871,0.32,0.034,0.315,8.08,1.266,2.057,0,9.969,0
RWA,0.048,0.018,0.201,0.44,0,0,0,0.013,0.31,0.12,0,0.002,0,0,0.044,0.105,0.028,0.001,0,0.067,0.001,0.033,0.013,0,0.001,0,0.022,0.056,0.031,0,0.592,0
KNA,0,0,0,0.02,0,0,0,0,0.004,0.001,0,0.001,0,0,0.003,0.006,0,0,0,0,0.001,0,0,0,0,0,0.005,0,0.001,0,0.311,0
LCA,0.011,0.001,0,0.39,0,0,0,0,0.094,0.006,0,0,0,0,0.002,0.016,0,0,0.001,0.001,0.001,0,0,0,0,0,0.003,0.001,0.001,0,0.919,0
VCT,0,0.001,0,0.505,0,0,0,0,0.001,0.007,0,0.001,0,0,0,0.009,0,0,0.001,0,0,0.001,0.001,0,0,0,0.001,0,0,0,0.503,0
WSM,0.075,0,0,0,0,0,0,0,0.008,0.002,0,0,0,0,0.004,0.063,0.002,0,0.001,0.004,2.195,0,0,0,0,0,0,0.001,0.003,0,0.238,0
SMR,0,0,0,0,0,0,0,0,0,0.008,0,0,0,0,0.028,0.002,0,0.001,0,0,0,0,0,0,0,0,0.003,0.001,0.001,0,0,0
STP,0,0,0,0,0,0,0,0,0.01,0.003,0,0,0,0,0.005,0.008,0,0.005,0,0,0,0,0,1.007,0,0.001,0.005,0.001,0.001,0,0.012,0
SAU,0.02,0.031,0,1.89,0.001,0.044,0,0,0.113,1.091,0.032,0.001,0,0,0.019,0.505,0.546,0.001,0.001,0.121,0.019,0.001,0.359,0,0.001,0,0.169,0.052,0.105,2,1.343,0
SEN,0.009,0.047,0.243,0.76,0.003,0,0,0.014,4.673,0.41,0.005,0.002,0,0,5.493,0.169,0.027,0.025,0.001,0.028,0,0.021,0.048,0,0.001,0.001,4.055,0.072,0.102,0,1.615,0
SCG,0.037,0,0,0.02,0.001,0.179,0,0.001,2.969,0.998,0.001,0.001,0,0,0,0,0,0.006,0,0.001,0.001,0,0,0,0,0,0,0,0,0,0.801,0
SYC,0.055,0.001,0,0.015,0,0,0,0,0.011,0.012,0.001,0,0,0,0.005,0.021,0,0,0,0.003,0.007,0,0.001,0,0,0,0.003,0.001,0.001,0,0.007,0
SLE,0.147,0.044,0,0.05,0,0,0,0.008,0.081,0.198,0,0,0,0,0.114,0.053,0.002,0,0,0.051,0,0.019,0.01,0,0,0,0.046,0.047,0.01,1,1.688,0
SRB,0.228,6.715,0.231,0.405,0.027,0,0,0.029,0,22.107,0.637,0.01,0,0,1.289,0.096,0,0.231,0.006,0.261,0.026,0.502,0.122,0,0.02,1.565,0.322,1.264,1.658,0,0.704,1
SGP,1.786,0.052,0,0.35,0.004,0,0,0.013,0.102,0.464,0.012,0.001,0,0,0.016,0.473,0.63,0.004,0.004,0.29,0.201,0.051,0.024,0,0,0,0.046,0.029,0.193,4,0.712,0
SVK,0.133,5.957,0.648,0.125,0.027,4.825,0,0.044,0,13.892,1.013,0.044,0,0,0.645,0.306,0.028,0.075,0.01,0.987,0.02,0.57,0.201,0,0,0.367,0.537,0.139,1.625,0,0.528,0
SVN,0.072,1.876,0.149,0.035,0.008,0,0,0.005,0,3.592,0.05,0.001,0,0,0.208,0.067,0.012,0.041,0.004,0.208,0.008,0.054,0.029,0,0.008,0,0.159,0.073,0.47,1,0.086,0
SLB,0.046,0.001,0,0,0,0,0,0.001,0,0.002,0,0,0,0,0.001,0.079,0.008,0,0,0,0.013,0.001,0,0,0,0,0,0,0.001,0,0,0
SOM,0.361,0.486,0,1.13,0,0,0,0.445,0.25,1.519,0,0.002,0,0,0.868,0,0.004,0.008,0,0.133,0.037,3.607,0.015,0,0,0,0.021,4.541,0.306,1,5.204,0
ZAF,8.035,0.061,0.171,1.36,0.069,0.038,0,0.022,0.214,0.76,0.016,0.009,0,0.125,0.073,0.425,0.959,0.026,0.022,0.614,2.104,0.08,0.073,0,0.003,0.003,0.158,0.089,0.236,3,2.781,0
ESP,0.297,1.43,6.002,0.385,2.452,0.103,0,0.258,0,23.345,0.214,0.066,0,0.076,1.956,1.248,0.29,0.494,1.061,4.645,0.054,1.37,0.625,1.356,0.057,0.278,0,1.052,6.525,17,1.842,0
LKA,6.146,0.02,0,3.15,0.006,0,0,0.096,2.474,1.248,0.006,0.007,0,0,7.138,1.472,4.675,0.002,0.007,0.151,0.453,0.205,0.023,0,0,0.001,0.035,0.159,0.515,4,1.994,0
SDN,0.407,0.081,0,0.495,0,0,0,0.016,0.338,0.046,0.007,0,0,0,0.459,0.21,0.069,0.001,0,0.075,0.025,0.493,0.013,0,0,0,0.057,0.206,0.046,0,2.471,0
SSD,0.009,0,0,0,0,0,0,0,0,0,0,0,0,0,0,0,0,0,0,0.001,0,0,0,0,0,0,0,0.002,0.001,0,0.017,0
SUR,0,0,0.269,0.015,0,0,0,0,0.763,0.01,0.001,0,0,0,0,0.002,0.002,0,0,0.817,0,0,0,0,0,0,0.003,0.001,0,0,0.187,0
SWZ,0,0.003,0,0.02,0,0,0,0,0.002,0.011,0,0,0,0,0.001,0.049,0.004,0,0,0,0.002,0.001,0,0,0,0,0,0.002,0,0,0.024,0
SWE,0.425,0.355,0.412,0.26,0.091,0.067,0,0.593,0,2.615,0.125,0.085,0,0.015,0.225,0.982,0.233,0.126,0.023,0.778,0.081,5.728,0.298,0,0.02,0.02,1.871,0,0.802,3,0.968,0
CHE,0.271,0.645,0.203,0.405,0.096,0.025,0,0.053,0,4.096,0.098,0.011,0,0.081,0.35,0.377,0.1,0.047,0.065,0.363,0.06,0.128,0.04,0,0.014,0.015,0.971,0.128,0,1,0.635,0
SYR,0.321,0.903,0.16,0.885,0.029,0.095,0,0.15,0.827,8.53,0.096,0.004,0,0,0.452,0.098,0.368,0.009,0.005,0.134,0.014,0.368,0.255,0,0.004,0.002,0.503,4.73,0.29,0,3.014,1
TWN,0.783,0,0,1.165,0,0,0,0,0.179,0,0.044,0,0,0,0,6.602,1.633,0.007,0.057,0.349,0.151,0,0.38,0,0,0.001,0,0.091,0.277,0,5.331,0
TJK,0.004,0.075,0,0.085,0,0.013,0,0.002,0.009,0.207,0.003,0,0,0,0,0.12,0.17,0,0.003,0.001,0,0.007,0.042,0,0,0,0.016,0.023,0.015,0,0.411,42
TZA,0.049,0.013,0,0.215,0,0,0,0.039,0.014,0.175,0.008,0.005,0,0,0.093,0.259,0.073,0.007,0.001,0.088,0.005,0.082,0.022,0,0,0,0.038,0.108,0.034,0,1.516,0
THA,2.657,0.345,0.442,0.345,0.014,0.111,0,0.589,0.873,3.256,0.201,0.035,0,0,0.54,15.362,13.771,0.031,0.006,0.667,0.382,1.286,0.164,0.116,0.005,0.021,0.221,2.331,0.857,4,9.459,0
TLS,0.021,0,0,0,0,0,0,0,0,0.001,0,0,0,0,0.01,0.16,0.498,0,0,0,0,0.002,0,0,0,0,0.003,0,0,0,0,0
TGO,0.015,0.009,0.155,0.225,0,0,0,0.006,0.769,0.448,0.002,0,0,0,0.514,0.066,0.006,0.012,0.001,0.024,0.004,0.002,0.005,0,0,0,0.039,0.019,0.068,0,1.756,0
TKL,0,0,0,0,0,0,0,0,0,0,0,0,0,0,0,0,0,0,0,0,0,0,0,0,0,0,0,0,0,0,0,0
TON,0.233,0,0,0,0,0,0,0,0.013,0.006,0,0,0,0,0.002,0.062,0.002,0,0,0,0.724,0,0,0,0,0,0.001,0,0,0,0.276,0
TTO,0.034,0.001,0,0.615,0.004,0,0,0.002,0.017,0.044,0,0,0,0,0.004,0.04,0.001,0.001,0,0.015,0.003,0.011,0.004,0,0,0,0.014,0.008,0.016,0,5.214,0
TUN,0.015,0.235,0.728,1.475,0.004,0.058,0,0.04,11.992,3.046,0.02,0.003,0,0.04,5.447,0.089,0.037,0.062,0.004,0.144,0.001,0.047,0.453,0,0.006,0,0.194,0.288,0.503,0,0.422,0
TUR,0.681,4.088,2.057,1.82,0.112,0.366,0,0.409,6.146,26.15,0.569,0.003,0,0.062,1.202,0.833,0.321,0.09,0.018,3.19,0.06,0.306,1.34,0,0.01,0.083,0.64,1.793,1.637,1,4.162,2
TKM,0.002,0.031,0,0.015,0,0,0,0.001,0.011,0.149,0.002,0,0,0,0.006,0.052,0.022,0,0,0.004,0,0.002,0.042,0,0,0,0.002,0.001,0.01,0,0.223,5
TUV,0.006,0,0,0,0,0,0,0,0,0.027,0,0,0,0,0,0.023,0,0,0,0,0.1,0,0,0,0,0,0,0,0,0,0,0
UGA,0.055,0.046,0,0.355,0,0,0,0.011,0.028,0.233,0.002,0.008,0,0,0.044,0.21,0.088,0,0,0.093,0.003,0.118,0.011,0,0,0,0.018,0.224,0.017,0,1.34,0
UKR,0.366,1.125,0.539,2.205,0.051,5.919,0,0.333,1.04,8.198,0.859,0.035,0,0,11.51,0.986,0.58,0.049,0.039,0.62,0.094,0.488,11.829,1.46,0.092,0.197,4.35,0.622,0.771,0,7.642,49
ARE,0.008,0.005,0,4.255,0,0,0,0,0.004,0.831,0.001,0,0,0,0.006,0.051,0.059,0,0,0.007,0,0,0,0,0,0,0.008,0.002,0.006,1,0.854,0
GBR,27.007,1.225,1.999,6.365,0.273,0.262,0,0.385,0,10.466,0.324,0.086,2.2,0.569,1.548,5.504,1.818,0.439,0.216,4.704,5.609,1.408,0.511,1.246,0.06,0.115,17.344,1.549,4.445,0,12.014,0
USA,3.258,1.796,2.541,9.415,3.451,1.081,0,0.287,3.402,19.563,1.045,0.195,0,2.29,1.62,20.985,28.866,0.431,4.165,3.715,1.254,1.137,1.052,0.327,0.011,0.148,5.508,1.426,3.475,0,0,1
URY,0.038,0.009,0,0.05,0.773,0,0,0.001,0.053,0.102,0.002,0,0,0.067,0.103,0.041,0.012,0,0.139,0.021,0.019,0.002,0.005,0,0,0,1.239,0.015,0.035,1,1.374,0
UZB,0.103,0.06,0,0.21,0.002,0.201,0,0.014,0.057,0.618,0.016,0.003,0,0,0.062,0.433,11.354,0.002,0,0.039,0.006,0.038,0.183,0,0.001,0,0.086,0.343,0.062,0,4.726,88
VUT,0.027,0,0,0,0,0,0,0,0.003,0,0,0,0,0,0,0.049,0.002,0,0,0,0.013,0,0,0,0,0,0,0,0,0,0,0
VEN,0.315,0.064,0.106,1.35,1.249,0,0,0.019,0.283,0.679,0.02,0,0,0.033,0.584,0.173,0.048,0.007,1.286,0.139,0.019,0.114,0.044,0.101,0,0,5.162,0.077,0.141,0,9.387,0
VNM,4.817,0.108,0.269,1.7,0.003,1.571,0,0.379,1.516,3.887,0.269,0.02,0,0,0.141,19.481,24.743,0.02,0.002,0.359,0.288,0.357,4.031,0,0.055,0,0.153,0.649,0.321,0,28.304,4
YEM,0.019,0.007,0,0.17,0,0,0,0.011,0.033,0.37,0.026,0,0,0.025,0.008,0.052,0.052,0,0,0.023,0.008,0.019,0.04,0,0.001,0,0.014,0.194,0.041,0,2.62,0
ZMB,0.182,0.007,0,0.085,0,0,0,0.007,0.002,0.051,0.001,0.001,0,0,0.012,0.254,0.011,0,0,0.05,0.01,0.045,0.009,0,0,0,0.001,0.029,0.007,0,0.643,0
ZWE,1.161,0.025,0,0.465,0,0,0,0.003,0.018,0.17,0.001,0,0,0,0.017,0.163,0.018,0,0,0.07,0.118,0.02,0.03,0,0,0.001,0.012,0.026,0.027,2,0.914,0
TOT,242.385,125.605,109.995,257.445,105.088,30.298,1.107,23.334,163.446,965.908,20.34,2.827,32.1,16.558,321.305,303.926,300.177,19.439,19.536,115.678,39.092,70.012,47.131,38.537,2.94,17.277,336.11,82.597,143.783,383,1031.631,418
NS,0.031,0.058,0.131,0,0,0,0,0,0,0,0,0,0,0,0,0,0,0.03,0,0,0.012,0,0,0,0.001,0,0,0,0,0,0,0
UUU,0,0.019,0,0.12,0,0,0,0.495,0.53,1.532,0.001,0,0,0.002,0,0,0.001,0.008,0,5.663,0.001,0.394,0.004,0,0,0,0,0.33,0,0,1.206,0
YYY,0.849,0.121,0.001,0,0.012,0,0,0.066,0,0,0,0,0,0,0.033,0.201,0,0.002,0.002,0,0.001,0,0.071,0,0,0,0.051,1.649,0.005,0,0,0
CAX,0,0,0,0,0,0,0,0,0,0,0,0,0,0,0,0,0,0,0,0,0,0,0,0,0,0,0,0,0,0,0,0
CGX,0,0,0,0,0.003,0,0,0,0,0,0,0,0,0,0,0,0,0,0,0,0,0,0,0,0,0,0,0,0,0,0,0