CountryCode,CG,SC,ES,EQ,HS,HO,IW,JE,SW,PS,WL,Responses
TOTAL,0.066102387,0.079737072,0.098480978,0.090384752,0.10333282,0.088652471,0.087516597,0.088853905,0.103826309,0.091546651,0.095171718,96648
AFG,0.061845326,0.07421273,0.079824621,0.093812188,0.098041332,0.090812947,0.093324059,0.081806719,0.098637969,0.081288843,0.096669509,181
ALB,0.069474368,0.079400812,0.090570122,0.077263363,0.094111287,0.089340083,0.122214981,0.096127253,0.100627344,0.083589386,0.097281001,113
DZA,0.071963103,0.075725402,0.089129426,0.088622049,0.100430441,0.113619528,0.090699033,0.097772928,0.099871268,0.091770857,0.080395966,141
AND,0.075373751,0.074763243,0.083357581,0.121871598,0.090906095,0.082616001,0.086375936,0.088692841,0.119150891,0.089124611,0.087767451,47
AGO,0.079886433,0.090536744,0.090628475,0.0777004,0.093342314,0.095550001,0.109500464,0.087575665,0.090949782,0.081288333,0.081302257,46
AIA,0.079656755,0.074924178,0.08220772,0.086443893,0.079481026,0.095373022,0.092346123,0.12119397,0.136885551,0.079532003,0.071955758,22
ATG,0.064579115,0.133771112,0.107592088,0.092202123,0.082431611,0.075628241,0.075945929,0.095138262,0.096562373,0.072181831,0.103967315,17
ARG,0.070828674,0.076810718,0.104785042,0.088403356,0.104864995,0.09065124,0.086126764,0.093536236,0.09352147,0.096099206,0.090368296,999
ARM,0.07450831,0.085023679,0.102582635,0.091689881,0.105701611,0.087867361,0.077485359,0.081718858,0.100023843,0.097833654,0.081072056,69
ABW,0.078903157,0.083471731,0.093316559,0.099925802,0.106217489,0.08214682,0.094743547,0.085158325,0.098581117,0.098733008,0.078802445,36
AUS,0.064060377,0.074415794,0.095844081,0.083235569,0.100242554,0.089091211,0.086300235,0.084282462,0.099136115,0.090484501,0.11066016,5394
AUT,0.067854553,0.079775067,0.096666302,0.096402706,0.106687598,0.090086476,0.083272509,0.086610935,0.102252856,0.095338711,0.090746584,1858
AZE,0.065362161,0.072785035,0.088887821,0.0839787,0.098554176,0.090426454,0.084624984,0.086728113,0.084658808,0.116111227,0.111753488,62
BHS,0.073418724,0.080391627,0.09770636,0.09188244,0.089023776,0.097719283,0.085399214,0.092651909,0.087141528,0.104420223,0.100244915,31
BHR,0.061912514,0.085633146,0.102385769,0.079760784,0.097501155,0.097527215,0.091165511,0.092925959,0.108868056,0.090374977,0.078056026,72
BGD,0.06916425,0.077725358,0.11304127,0.088597833,0.098611328,0.082971387,0.104497363,0.090779411,0.093928551,0.090474525,0.090208723,76
BRB,0.07440161,0.125500554,0.083011672,0.091076288,0.097210486,0.102937327,0.069317927,0.090512818,0.095657949,0.094260928,0.076112442,33
BLR,0.074300764,0.078474754,0.091858235,0.09717067,0.103662541,0.09212125,0.087229203,0.085170229,0.095503097,0.092802393,0.08666927,133
BEL,0.064869478,0.07861972,0.099998258,0.092172283,0.105755137,0.092334927,0.086671589,0.087696024,0.103092293,0.091662473,0.092410837,1484
BLZ,0.042581259,0.062273222,0.08703494,0.083530935,0.08703494,0.078782881,0.115144635,0.081581417,0.105463064,0.167515236,0.089057471,10
BEN,0.07249341,0.074534702,0.08759928,0.095058036,0.09579176,0.101976181,0.102012444,0.091460301,0.094052288,0.098829716,0.086191881,11
BMU,0.058630612,0.066632038,0.102128884,0.101940666,0.104689135,0.070833399,0.069343672,0.063364006,0.103874902,0.086702316,0.080951278,11
BTN,0.071289994,0.123528426,0.112018455,0.118268455,0.104611047,0.084140962,0.072012131,0.084936718,0.093001361,0.067654139,0.068538312,10
BOL,0.062598297,0.080155056,0.111364164,0.093488394,0.105980358,0.086280329,0.082933011,0.096669242,0.104289304,0.09127131,0.084970534,50
BIH,0.051606845,0.075132572,0.10047407,0.07850148,0.10770846,0.095722347,0.092844279,0.097305365,0.113779997,0.09205553,0.094869055,44
BWA,0.073913864,0.066449767,0.104460462,0.076532427,0.089422868,0.093982967,0.101522649,0.089609471,0.067909518,0.090089925,0.07467751,14
BRA,0.065290091,0.074677923,0.106699918,0.087312154,0.104202198,0.0891996,0.085191547,0.088456652,0.102790355,0.100975386,0.092222661,1677
BRN,0.063741963,0.058505167,0.092892397,0.068670644,0.085800661,0.061098384,0.088010969,0.109738747,0.142686879,0.087157114,0.141697075,15
BGR,0.069848556,0.07548819,0.091299248,0.086750011,0.096729498,0.082746831,0.099294524,0.092779791,0.108637616,0.084508706,0.099417028,160
BFA,0.061433664,0.054940158,0.117125032,0.061433664,0.069225872,0.212083015,0.069225872,0.08675834,0.090005093,0.069837026,0.107932264,7
BDI,0.07901923,0.074952498,0.115707107,0.084169088,0.109596107,0.073659225,0.108738466,0.090305286,0.092953651,0.090593304,0.080306037,7
KHM,0.06009304,0.079597583,0.103994078,0.087024281,0.125591597,0.084984561,0.090608108,0.098729516,0.118454251,0.084728756,0.066194231,12
CMR,0.069954016,0.077463133,0.107590929,0.087143768,0.108137936,0.086594378,0.085855129,0.102634346,0.085031554,0.089328181,0.100266631,22
CAN,0.064110746,0.079154967,0.098193919,0.090200914,0.106881733,0.089246804,0.08767367,0.088262685,0.103643744,0.094546691,0.093197498,5116
CPV,0.071719803,0.048355805,0.091524371,0.061766884,0.078235247,0.070212069,0.1012756,0.105739885,0.078235247,0.088370382,0.061707563,7
CYM,0.029367082,0.069404507,0.122844203,0.096047397,0.09594245,0.089349988,0.086823049,0.055481281,0.109659478,0.146293939,0.098786626,7
CAF,0.091556592,0.057368557,0.102240352,0.083721834,0.119334369,0.083721834,0.092268842,0.100815851,0.102240352,0.100815851,0.065915566,3
TCD,0.072461269,0.082665351,0.13691269,0.087767391,0.081357135,0.102724656,0.10165628,0.081357135,0.07756331,0.087767391,0.087767391,4
CHL,0.075589582,0.078131501,0.104608459,0.09065854,0.098707835,0.085119535,0.085924368,0.092816756,0.098591383,0.086922806,0.09633293,758
CHN,0.066003079,0.078967903,0.097524774,0.093181111,0.103679833,0.087707234,0.096618009,0.088868732,0.096065524,0.099792041,0.089855648,576
COL,0.074101463,0.07356184,0.102327504,0.091545677,0.099740288,0.084506943,0.090604215,0.089929397,0.097006511,0.093098892,0.096632826,576
COM,0.065384615,0.098717949,0.065384615,0.098717949,0.098717949,0.098717949,0.092307692,0.098717949,0.092307692,0.098717949,0.092307692,3
COG,0.065131215,0.097407488,0.10069156,0.092473103,0.086366781,0.081030164,0.097399212,0.087294565,0.077746092,0.111540255,0.102919565,8
COK,0.056721514,0.061671466,0.066977924,0.097500343,0.124167009,0.093940765,0.08338818,0.118284657,0.088028246,0.124167009,0.085152886,5
CRI,0.066248563,0.072160302,0.101624514,0.095510218,0.104987127,0.087914234,0.087424643,0.088437654,0.108188369,0.092010376,0.090543506,202
HRV,0.054484413,0.076957131,0.104901585,0.091293877,0.10245625,0.080473119,0.097668445,0.093934639,0.104925059,0.097241147,0.090879647,209
CUB,0.05458256,0.072002643,0.108165713,0.08082433,0.113750681,0.10393872,0.081843017,0.076761065,0.119709397,0.108302165,0.080119709,22
CYP,0.05129295,0.06500078,0.097872909,0.073718302,0.082270102,0.083067765,0.114960783,0.071911493,0.080309855,0.076279813,0.188163732,66
CZE,0.067494341,0.074855905,0.097048493,0.093056265,0.102667613,0.082181757,0.091267823,0.091904094,0.101684629,0.097418464,0.08959029,554
CIV,0.061308533,0.081704359,0.105891568,0.086970511,0.107236484,0.092080605,0.098431843,0.092708981,0.084725252,0.115599234,0.073342629,19
PRK,0.070390176,0.084823727,0.079921767,0.070662507,0.089998019,0.058897802,0.07120717,0.07120717,0.213675268,0.108633251,0.080583142,6
COD,0.057574456,0.068279029,0.087769429,0.086647121,0.079289358,0.109414451,0.127829282,0.082047624,0.103746688,0.076836088,0.120566475,12
DNK,0.072302121,0.0800879,0.101616332,0.091850473,0.10291831,0.082077766,0.080565519,0.085779818,0.110904633,0.091852435,0.093784911,639
DJI,0.097730025,0.090154267,0.090154267,0.10641443,0.090154267,0.068394112,0.060818355,0.068394112,0.09980579,0.113990187,0.113990187,3
DMA,0.0375,0.0625,0.0375,0.0625,0.0625,0.0625,0.025,0.025,0.0625,0.025,0.0375,2
DOM,0.075853595,0.082177665,0.098690854,0.091715342,0.10106778,0.086342045,0.086721717,0.088708379,0.101317317,0.096817114,0.090588192,86
ECU,0.064336291,0.073628719,0.109536254,0.087259517,0.101304972,0.088952449,0.083628484,0.089613903,0.09361604,0.100001229,0.091728697,122
EGY,0.068809769,0.075350056,0.104404847,0.089572676,0.101670025,0.089028534,0.096419359,0.084287263,0.093244915,0.096015801,0.092649746,117
SLV,0.062675914,0.072914277,0.101776734,0.097959124,0.097239584,0.084711396,0.088323535,0.092497683,0.103269329,0.095117878,0.085970686,57
ERI,0.07975358,0.07975358,0.07975358,0.07975358,0.174991675,0.07975358,0.07975358,0.03030303,0.156676657,0.07975358,0.07975358,3
EST,0.067526096,0.075588067,0.099333287,0.095712798,0.102585922,0.095999638,0.090122896,0.087635297,0.10054474,0.096071491,0.083197949,176
ETH,0.068496343,0.087178254,0.102238346,0.078548089,0.106221414,0.108792451,0.10611268,0.097127292,0.089811076,0.074475036,0.08099902,19
EU,0.070059424,0.078135699,0.101549491,0.111770008,0.105584914,0.089065831,0.07716537,0.085751802,0.107503919,0.077540558,0.095872985,59
FRO,0.060791774,0.113089232,0.082261702,0.070001976,0.127464047,0.101912121,0.077410697,0.077410697,0.122613042,0.099524125,0.067520587,5
FJI,0.05354624,0.069069162,0.083524411,0.068787431,0.093797812,0.080209274,0.075536589,0.090968579,0.241571466,0.073692461,0.069296575,13
FIN,0.069639477,0.078402657,0.099027047,0.098460166,0.101338506,0.086314765,0.085663119,0.085119758,0.103686921,0.095434316,0.093223232,542
MKD,0.065770534,0.082095942,0.094747787,0.089406726,0.102637205,0.076943505,0.094571854,0.094551628,0.101345854,0.099435644,0.098493319,47
FRA,0.061927923,0.086286254,0.097947538,0.091554705,0.107427116,0.093262655,0.086583575,0.091038853,0.099131779,0.087652581,0.092775119,10653
GUF,0.066795162,0.081374821,0.096932905,0.099265366,0.106274612,0.082853506,0.083757663,0.088541337,0.102622072,0.082999142,0.108583414,9
GAB,0.064926831,0.054674072,0.086818459,0.109537461,0.122080667,0.085746897,0.110430649,0.082454558,0.092424629,0.099362197,0.091543581,9
GMB,0.058813701,0.06833751,0.176274018,0.058813701,0.112949039,0.06833751,0.058813701,0.07786132,0.138512949,0.07786132,0.10342523,3
GEO,0.070687839,0.098106875,0.092158018,0.099563403,0.098973133,0.091673736,0.085887285,0.085096781,0.099108713,0.091662965,0.087081252,37
DEU,0.066879962,0.080326919,0.099817242,0.092220402,0.105684634,0.089544503,0.084679289,0.086695655,0.107820414,0.090120203,0.093136731,7482
GHA,0.070106748,0.080819519,0.083123307,0.084063974,0.091615883,0.086623766,0.086240585,0.090277773,0.096118467,0.088586749,0.089791651,19
GIB,0.067193676,0.045454545,0.088932806,0.045454545,0.154150198,0.088932806,0.110671937,0.110671937,0.088932806,0.088932806,0.110671937,2
GRC,0.064660974,0.07800751,0.099275352,0.090361159,0.105975752,0.084352147,0.090516761,0.092080326,0.100367364,0.092390537,0.090473657,520
GRL,0.073564593,0.034090909,0.122607656,0.122607656,0.122607656,0.111244019,0.111244019,0.122607656,0.022727273,0.122607656,0.034090909,2
GRD,0.098248921,0.103000109,0.088111772,0.109001609,0.107411468,0.089701913,0.061855207,0.089701913,0.0944531,0.064060887,0.0944531,3
GTM,0.062208087,0.074323905,0.100534455,0.091940729,0.095542402,0.086152858,0.090146575,0.092551628,0.09834406,0.096696288,0.096853132,68
GGY,0.057045363,0.091707727,0.083252989,0.082132291,0.104639343,0.08514767,0.090487106,0.100764813,0.113988389,0.088992151,0.101842157,9
GIN,0.058266488,0.102384135,0.086044266,0.08686126,0.100750149,0.072155377,0.079099822,0.100750149,0.0443776,0.141599822,0.127710933,4
GNB,0.076923077,0.057692308,0.096153846,0.096153846,0.096153846,0.096153846,0.096153846,0.096153846,0.096153846,0.096153846,0.096153846,1
GUY,0.1247877,0.072054415,0.07135755,0.084568257,0.102782372,0.151247229,0.097082418,0.054778667,0.077194463,0.079995424,0.084151505,6
HTI,0.067497079,0.13855758,0.085312689,0.074300343,0.103799698,0.096411327,0.089752976,0.093903989,0.078136793,0.090830451,0.081497075,14
HND,0.069377771,0.077507349,0.102080125,0.087807668,0.097663385,0.08660852,0.088813012,0.091374911,0.0939618,0.122103649,0.082701812,35
HKG,0.064004069,0.082509667,0.089294005,0.091736064,0.102970018,0.09257839,0.094968637,0.085717876,0.099833448,0.098892779,0.089773041,259
HUN,0.062125947,0.083674904,0.096307229,0.092066646,0.097881351,0.092570174,0.087078509,0.08300589,0.104371046,0.098411187,0.093679879,793
ISL,0.064327587,0.082456698,0.101907356,0.083798888,0.109922466,0.095611201,0.089413807,0.090106849,0.095544004,0.095680508,0.091230637,127
IND,0.069262914,0.0756286,0.095949087,0.088990064,0.094714943,0.087555981,0.097853951,0.092552864,0.102010965,0.095110756,0.093761945,908
IDN,0.061039762,0.078068968,0.104728929,0.081148585,0.090338453,0.104957937,0.089809731,0.087185292,0.09657774,0.094732261,0.089673212,138
IRQ,0.056088239,0.055108076,0.095704667,0.054866856,0.09091113,0.096885905,0.101991838,0.095565561,0.078049292,0.07767093,0.097157506,20
IRL,0.06848011,0.082862035,0.096787901,0.086703128,0.100309308,0.085582053,0.089722533,0.090508821,0.111086844,0.083924929,0.100237271,527
IRN,0.066325259,0.079714382,0.091115914,0.083547891,0.092639726,0.083580778,0.093769281,0.095332328,0.102463852,0.092763762,0.095669903,260
IMN,0.088497217,0.088497217,0.060606061,0.101422387,0.134075448,0.064007421,0.108225108,0.074211503,0.090538033,0.072170686,0.117748918,7
ISR,0.061814397,0.07466765,0.104361117,0.081473597,0.106887335,0.093526259,0.097031041,0.088982944,0.098661225,0.087625475,0.092938886,665
ITA,0.07239605,0.082872813,0.098032525,0.094287325,0.102566583,0.085508512,0.08163409,0.093424646,0.102847459,0.087862848,0.093740117,3729
JAM,0.062240377,0.098352828,0.090243534,0.072299605,0.108188955,0.088962301,0.106655879,0.103032691,0.095243293,0.096165842,0.078614696,11
JPN,0.063846553,0.080069767,0.097400146,0.087443676,0.100010811,0.08817286,0.085398846,0.086664041,0.101523738,0.110864503,0.089876881,802
JEY,0.052540217,0.071398635,0.077513332,0.080138204,0.097600464,0.079640394,0.078426441,0.088622649,0.202215515,0.0921169,0.079787248,9
JOR,0.053325911,0.075803404,0.122594478,0.083125507,0.096715799,0.101515335,0.098160598,0.084189838,0.089082306,0.088388001,0.080071796,37
KAZ,0.083398984,0.078048998,0.097241055,0.087815145,0.096599831,0.097017058,0.093424651,0.089193886,0.095603995,0.099107526,0.08254887,78
KEN,0.069425157,0.086002433,0.091036459,0.090793959,0.105629622,0.091232852,0.104900909,0.085728102,0.101057393,0.089185187,0.085007928,28
KIR,0.069063181,0.08627451,0.11328976,0.069063181,0.091067538,0.081263617,0.103485839,0.098474946,0.098474946,0.093464052,0.096078431,3
KOR,0.068252377,0.078655095,0.096034767,0.085504739,0.096893684,0.08823242,0.088863904,0.088931659,0.107697996,0.099717946,0.091884152,643
KWT,0.05144911,0.065134728,0.079476021,0.075318494,0.097759654,0.091908003,0.158215187,0.098644171,0.092616768,0.091263506,0.098214358,20
KGZ,0.06363921,0.064073573,0.076888742,0.116845953,0.08334931,0.073210685,0.084018783,0.110430772,0.085544161,0.152901259,0.089097552,14
LAO,0.059215928,0.096982759,0.100266831,0.106219212,0.083025452,0.08569376,0.07112069,0.082409688,0.11750821,0.097906404,0.099651067,4
LVA,0.069219673,0.080683783,0.091006639,0.092947048,0.094989576,0.084980788,0.091204277,0.08527532,0.104657179,0.096251785,0.097420296,88
LBN,0.058033764,0.088647532,0.096573464,0.075446967,0.095841372,0.092158368,0.111258635,0.096296671,0.100636745,0.090094784,0.095011698,67
LSO,0.034482759,0.034482759,0.172413793,0.034482759,0.172413793,0.034482759,0.103448276,0.103448276,0.172413793,0.103448276,0.034482759,1
LBY,0.048768939,0.097847563,0.093112715,0.085536957,0.088661957,0.104517301,0.105192977,0.087430897,0.099782453,0.089365786,0.099782453,6
LIE,0.062298379,0.112893436,0.091178437,0.12800244,0.113005897,0.066893967,0.053848533,0.071892677,0.096446068,0.118504891,0.085035274,6
LTU,0.067306942,0.082201856,0.103636807,0.095379827,0.106142207,0.080174247,0.090941622,0.089373794,0.099240157,0.093210968,0.092391575,144
LUX,0.061645486,0.077343476,0.091782706,0.091906523,0.103952124,0.089474433,0.101345786,0.092010865,0.100652425,0.091926017,0.09328726,214
MAC,0.055957339,0.071782961,0.108191381,0.092341293,0.107691245,0.086215403,0.079107839,0.099636777,0.106856568,0.101705326,0.090513869,17
MDG,0.073949895,0.066333229,0.110704262,0.092294518,0.092543906,0.0882947,0.098045531,0.102047573,0.090682262,0.102021251,0.083082872,11
MWI,0.070396531,0.082827661,0.08172947,0.093104596,0.097340133,0.097340133,0.088754019,0.100963321,0.087005973,0.101216102,0.099322062,6
MYS,0.070208385,0.077238294,0.092988936,0.089202627,0.099689,0.086403203,0.098550099,0.08891007,0.101166272,0.096676429,0.098966686,192
MDV,0.065314536,0.087629015,0.08970478,0.103889177,0.131666955,0.095759096,0.079498933,0.065314536,0.103889177,0.08970478,0.087629015,3
MLI,0.057762476,0.076993889,0.098345412,0.098345412,0.093443451,0.097550499,0.093443451,0.083443451,0.084036985,0.093443451,0.123191525,6
MLT,0.059979157,0.070354206,0.087896408,0.089101788,0.101871068,0.090522856,0.090999136,0.098598475,0.134873936,0.089443987,0.086358983,43
MHL,0.047314578,0.072890026,0.098465473,0.098465473,0.10230179,0.087595908,0.106138107,0.106138107,0.098465473,0.083759591,0.098465473,2
MRT,0.090909091,0.080808081,0.090909091,0.101010101,0.080808081,0.090909091,0.080808081,0.090909091,0.090909091,0.111111111,0.090909091,3
MUS,0.071381169,0.073745027,0.088886661,0.088838726,0.092220368,0.081182153,0.089899982,0.079907708,0.09599866,0.090538345,0.10392294,23
MYT,0.044444444,0.066666667,0.088888889,0.111111111,0.088888889,0.066666667,0.111111111,0.088888889,0.111111111,0.111111111,0.111111111,1
MEX,0.073428755,0.075500014,0.103107189,0.087918309,0.100123499,0.088473857,0.089836909,0.092593658,0.098395939,0.092861701,0.09267708,5115
FSM,0.061486833,0.064760958,0.112084659,0.084108784,0.107084659,0.091486833,0.107084659,0.081903499,0.098692117,0.093570166,0.097736833,5
MDA,0.069468958,0.073654148,0.095537913,0.088990773,0.090703414,0.100769013,0.097802893,0.101913931,0.098401779,0.087879122,0.094878055,55
MCO,0.056888516,0.061939409,0.088361595,0.086127909,0.100822694,0.10075144,0.097193751,0.081660222,0.091449846,0.105943499,0.083406574,22
MNG,0.059757122,0.090431529,0.098814172,0.057103793,0.073603215,0.093376805,0.089432032,0.075857372,0.076742067,0.13966226,0.068296556,13
MNE,0.057781092,0.067737802,0.099532133,0.075835045,0.122619182,0.092647962,0.083216917,0.109962806,0.118054088,0.081680176,0.090932796,7
MSR,0.065864389,0.081737405,0.074792961,0.065864389,0.065864389,0.054994824,0.07086784,0.081737405,0.063923395,0.069358178,0.054994824,4
MAR,0.065000086,0.081874771,0.111418196,0.080456048,0.100521553,0.0848104,0.088712465,0.087842591,0.086243206,0.093557225,0.099155296,147
MOZ,0.054638844,0.065350613,0.102363969,0.06394117,0.151686462,0.146808413,0.102363969,0.082122988,0.067010433,0.085591594,0.078121544,5
MMR,0.072826487,0.089408443,0.089694356,0.091686459,0.094128946,0.077666253,0.084195838,0.084295145,0.128849763,0.101857492,0.085390817,11
NAM,0.078668205,0.079012202,0.112688892,0.101049679,0.105594997,0.08809043,0.080293671,0.078073167,0.092581069,0.110286466,0.073661221,9
NRU,0.105263158,0,0.157894737,0.052631579,0.157894737,0.210526316,0.052631579,0.052631579,0.210526316,0,0,1
NPL,0.068871849,0.090787547,0.096522698,0.090890977,0.08806575,0.073374012,0.110758211,0.088334637,0.103277004,0.095274898,0.093842419,20
NLD,0.067293477,0.078057372,0.096329893,0.091483216,0.102992983,0.091407876,0.084669294,0.082874916,0.112117686,0.090911425,0.096680516,965
ANT,0.076576355,0.091509224,0.087040619,0.109363509,0.113158159,0.077168845,0.095339357,0.070111897,0.10131745,0.091181974,0.08723261,15
NZL,0.065437381,0.079960634,0.097156218,0.094452515,0.10039603,0.084939928,0.084461934,0.085273397,0.10786599,0.089932201,0.095308958,675
NIC,0.053515682,0.063326832,0.093172961,0.083193245,0.101388373,0.077785269,0.078799536,0.078325068,0.100814256,0.098128959,0.171549818,18
NER,0.042296959,0.041645796,0.050948122,0.225953488,0.281717352,0.077717352,0.050948122,0.042296959,0.072415027,0.072415027,0.041645796,5
NGA,0.065102953,0.071800191,0.098092595,0.081989424,0.102899338,0.091047097,0.095068765,0.097102844,0.100117611,0.099252307,0.097526876,39
NIU,0.040584416,0.045454545,0.13474026,0.081168831,0.092532468,0.081168831,0.087662338,0.11038961,0.116883117,0.092532468,0.116883117,2
NOR,0.065285827,0.078403337,0.094402076,0.091937429,0.106600206,0.092530841,0.086637627,0.089784698,0.105668981,0.092208907,0.094615762,1559
OMN,0.068979369,0.085757015,0.095712738,0.096583514,0.100290712,0.09431394,0.096799928,0.108627644,0.099043,0.086673205,0.067218935,11
PAK,0.072017888,0.078094298,0.097618788,0.088934027,0.096733106,0.090320902,0.089658469,0.089335455,0.094094167,0.09558394,0.083608961,125
PLW,0,0,0,0,0,0.5,0,0,0,0.5,0,1
PSE,0.062255536,0.082020141,0.137213942,0.082145832,0.114512088,0.091000435,0.088956112,0.082434247,0.086552548,0.087993949,0.08491517,13
PAN,0.063221765,0.079630185,0.097550335,0.09094291,0.097201838,0.092188876,0.096159977,0.098402953,0.098432863,0.09286538,0.093402919,52
PNG,0.06985354,0.076822181,0.087324675,0.118848992,0.108134706,0.099818453,0.092097438,0.087150459,0.104528264,0.085445631,0.069975662,7
PRY,0.074029153,0.068952127,0.132280933,0.0889606,0.095948327,0.091356806,0.098461567,0.081068491,0.085629006,0.094722911,0.088590078,26
PER,0.075401483,0.076318324,0.098910619,0.087520945,0.092009402,0.087319548,0.090271056,0.08795543,0.105869834,0.091948945,0.096718316,205
PHL,0.059931277,0.074544529,0.094153527,0.092151175,0.100783613,0.083221809,0.096837651,0.090240303,0.104111174,0.094441357,0.104264435,188
POL,0.059510911,0.077394981,0.098775055,0.08585111,0.096620618,0.090114729,0.09410982,0.090403879,0.108148958,0.095658578,0.093537033,1114
PRT,0.069404327,0.078565824,0.094162164,0.091291511,0.100952123,0.0861876,0.086928037,0.091176727,0.103710325,0.097488027,0.096536212,1112
PRI,0.06650944,0.082527975,0.096846367,0.091620261,0.104157834,0.085293995,0.087549477,0.087470561,0.094604957,0.095747098,0.107672036,73
QAT,0.080840734,0.070585316,0.091130978,0.075982338,0.093906605,0.08990622,0.099194336,0.101687889,0.101557968,0.098368364,0.096839252,8
ROU,0.065818446,0.076958367,0.102429891,0.087352779,0.0994311,0.083882142,0.090943503,0.085733438,0.099883009,0.097634096,0.097885037,332
RUS,0.07367281,0.080354572,0.09444759,0.087905659,0.098644111,0.095805879,0.094963612,0.089946993,0.095402611,0.094191754,0.090948909,1884
RWA,0.073271198,0.067836416,0.073271198,0.062401633,0.073271198,0.075189357,0.069754574,0.073271198,0.323271198,0.062401633,0.046060397,4
SHN,0.078787879,0.078787879,0.08989899,0.067676768,0.101010101,0.101010101,0.101010101,0.101010101,0.078787879,0.101010101,0.101010101,2
KNA,0.076923077,0.076923077,0.076923077,0.076923077,0.076923077,0.153846154,0.115384615,0.076923077,0.076923077,0.115384615,0.076923077,1
LCA,0.077401692,0.087605774,0.087605774,0.087605774,0.111996018,0.101791936,0.079392733,0.089596814,0.087605774,0.101791936,0.087605774,2
VCT,0.087445887,0.096969697,0.087445887,0.087445887,0.096969697,0.087445887,0.087445887,0.087445887,0.106493506,0.096969697,0.077922078,3
SMR,0.091075226,0.102591707,0.090304359,0.091075226,0.113702818,0.059257044,0.081858054,0.088437002,0.091075226,0.098650984,0.091972355,4
SAU,0.067024738,0.079695743,0.091970257,0.088491084,0.102385346,0.083190159,0.103197607,0.108780624,0.092291581,0.096101598,0.086871263,78
SEN,0.052088733,0.066145154,0.084344659,0.068250295,0.151933888,0.080888699,0.095609115,0.108812783,0.131320003,0.081065252,0.079541417,12
SRB,0.061790818,0.081425551,0.093521188,0.082371213,0.097740688,0.087059933,0.104889841,0.09328505,0.108103574,0.086773074,0.095576385,134
SM2,0.066728079,0.092590148,0.098145704,0.098145704,0.098145704,0.131045482,0.061172524,0.061172524,0.133535903,0.098145704,0.061172524,4
SYC,0.052631579,0.105263158,0.078947368,0.105263158,0.105263158,0.052631579,0.078947368,0.105263158,0.105263158,0.105263158,0.105263158,1
SLE,0.079983948,0.085797901,0.152464568,0.091611855,0.085797901,0.091611855,0.075354318,0.074169995,0.091611855,0.085797901,0.085797901,4
SGP,0.063861695,0.074493511,0.09423875,0.090256004,0.101777529,0.090068382,0.095595362,0.088554044,0.10460105,0.099953717,0.094099956,400
SVK,0.065503374,0.081674536,0.095576518,0.091362097,0.101411269,0.083037808,0.087122345,0.086783867,0.101958628,0.094942286,0.08907555,232
SVN,0.066034359,0.084129731,0.099759279,0.100038652,0.100880436,0.089758932,0.083530984,0.088705017,0.098324397,0.098604744,0.090233469,175
SOM,0.073712954,0.121625042,0.101112221,0.085141525,0.08968365,0.132760573,0.073712954,0.068584749,0.078841159,0.095397935,0.079427239,5
ZAF,0.060439444,0.073423174,0.095334101,0.089611741,0.101520539,0.09292574,0.090456934,0.087638613,0.107639746,0.098343418,0.102666552,267
ESP,0.074008566,0.076703653,0.101880941,0.08735006,0.107326244,0.084565095,0.083586478,0.092527026,0.096562205,0.09155191,0.097758625,2913
LKA,0.062824126,0.078117071,0.10177875,0.087827907,0.100942544,0.107601703,0.090910077,0.0876316,0.108897456,0.093198105,0.08027066,43
SDN,0.063217189,0.074998346,0.114208521,0.079411196,0.105622407,0.08802863,0.095924613,0.093525829,0.10027585,0.092684407,0.092103012,6
SUR,0.071083555,0.094003211,0.089231058,0.118092847,0.10142618,0.08594999,0.073464508,0.071083555,0.109759514,0.089521418,0.096384163,4
SWZ,0.07459358,0.094923782,0.094561113,0.082099107,0.087418256,0.076054619,0.085957217,0.150589481,0.089604633,0.081736437,0.082461776,4
SWE,0.070030566,0.078036585,0.095610042,0.096794486,0.103628637,0.088024363,0.083726903,0.087496312,0.10659639,0.088724578,0.095258263,988
CHE,0.064237155,0.080789093,0.096673655,0.09301594,0.102610134,0.086792913,0.090510772,0.089814305,0.105099284,0.091132959,0.093701864,1423
SYR,0.067524513,0.073798519,0.101307495,0.090987289,0.099717604,0.095750312,0.097553708,0.098785385,0.099702781,0.091813339,0.083059055,44
TWN,0.069580734,0.087551308,0.096361173,0.090976499,0.099333202,0.086998751,0.084670742,0.088950193,0.098819933,0.101549757,0.09053481,214
TZA,0.073813415,0.066358062,0.096295335,0.092634077,0.111792391,0.098578014,0.081441766,0.084201208,0.113550723,0.086188106,0.095146902,14
THA,0.067697545,0.077889308,0.100278967,0.096278566,0.101451812,0.087924938,0.090551504,0.0824261,0.102658912,0.098224527,0.089763451,206
TGO,0.064783304,0.075194118,0.097320227,0.097865215,0.113227452,0.095007725,0.101186359,0.065750436,0.107226499,0.104039418,0.078399246,8
TON,0.07486631,0.07486631,0.094474153,0.094474153,0.094474153,0.094474153,0.094474153,0.094474153,0.094474153,0.094474153,0.094474153,2
TTO,0.075364945,0.08833721,0.099225555,0.09706927,0.106675169,0.074600168,0.087102157,0.085753674,0.102061913,0.098679765,0.085130173,30
TUN,0.070593926,0.073437884,0.107051252,0.087132798,0.102119402,0.089822337,0.097197142,0.096438542,0.09572444,0.089074126,0.078250257,76
TUR,0.0713493,0.082002854,0.096356396,0.088685735,0.097641892,0.086353816,0.089322532,0.086190965,0.093848955,0.090559194,0.090064052,1629
TKM,0.060699023,0.085699023,0.111874237,0.067643468,0.093818681,0.164072039,0.074786325,0.092643468,0.081532357,0.092643468,0.074587912,4
TUV,0.05030303,0.05030303,0.115757576,0.065454545,0.065454545,0.145454545,0.145454545,0.120606061,0.065454545,0.03030303,0.145454545,2
UGA,0.0619468,0.075873341,0.095222512,0.074126822,0.08462025,0.099240316,0.111945606,0.097053318,0.091230504,0.073958834,0.08716265,21
UKR,0.076682777,0.078199846,0.087012644,0.089995576,0.099944696,0.089355798,0.100015497,0.090078796,0.096527724,0.097511773,0.092241785,411
ARE,0.059241636,0.076837795,0.09004641,0.081119393,0.094326282,0.090092222,0.106433897,0.090900113,0.098103319,0.10851582,0.08477527,102
GBR,0.061787089,0.078832245,0.096784977,0.090842233,0.105129281,0.09027033,0.088306225,0.089826259,0.111368133,0.086045376,0.096969079,4168
USA,0.06291385,0.081074786,0.099012596,0.091752491,0.103768911,0.08515439,0.08607703,0.086774679,0.112098796,0.089818007,0.098261839,16704
VIR,0.07153968,0.077494678,0.086060319,0.084148902,0.091200229,0.076276571,0.146676642,0.083258026,0.105156599,0.08394069,0.094247664,16
URY,0.087684564,0.075745788,0.10181676,0.090006127,0.096268302,0.085948895,0.089792755,0.089220195,0.090692359,0.095446242,0.097378011,76
UZB,0.067891865,0.076264899,0.106693261,0.083541246,0.111701302,0.082387176,0.10120328,0.096326844,0.101726184,0.091346636,0.080917306,13
VUT,0.1,0.1,0.1,0.1,0.1,0,0.1,0.1,0.1,0.1,0.1,1
VEN,0.069290553,0.072822318,0.09960432,0.083009238,0.099839526,0.088172394,0.092391502,0.098393426,0.090407967,0.102487169,0.092054211,347
VNM,0.065444552,0.077552039,0.098783518,0.095766126,0.10468181,0.098765349,0.096788775,0.09294769,0.092256125,0.093502749,0.083511266,90
VGB,0.064117437,0.067845264,0.098590434,0.072958901,0.111577447,0.104521698,0.088450269,0.095593126,0.094126148,0.095106113,0.107113161,7
WLF,0.06681629,0.07881463,0.082228705,0.078920922,0.106750236,0.074279143,0.141228172,0.057813466,0.125116464,0.076073402,0.111958569,4
YEM,0.070069112,0.070069112,0.158958001,0.070069112,0.070069112,0.140244551,0.140244551,0.070069112,0.070069112,0.070069112,0.070069112,3
ZMB,0.064166529,0.057269977,0.083066051,0.06799428,0.077802893,0.10462245,0.060380025,0.072539735,0.084699445,0.070906341,0.056552274,5
ZWE,0.068174198,0.156821091,0.092241094,0.070652695,0.103728655,0.080371687,0.087086383,0.091231428,0.087869405,0.088097179,0.073726184,13
TJK,0.096659159,0.113791291,0.135735736,0.084249249,0.070548048,0.055457958,0.070172673,0.108603604,0.11036036,0.091006006,0.063415916,4
GUM,0.0625,0.0625,0.09375,0.09375,0.09375,0.09375,0.125,0.125,0.09375,0.09375,0.0625,1